age;Nausea (yes / no);yellowishness (eye / skin / no);pain in the right side (yes / no);liver enlargement (yes / no);appetite (yes / no)
64;yes;eye;yes;no;yes
40;no;eye;yes;yes;yes
58;no;eye;yes;yes;yes
57;yes;skin;yes;yes;yes
26;yes;skin;no;yes;no
42;yes;eye;yes;yes;yes
72;yes;skin;no;yes;no
69;no;skin;yes;yes;no
64;no;eye;yes;yes;yes
63;no;skin;yes;yes;no
74;yes;skin;yes;yes;no
53;no;no;yes;yes;no
56;no;eye;yes;yes;no
60;yes;skin;yes;no;yes
52;no;eye;yes;yes;no
35;yes;skin;yes;yes;yes
66;yes;skin;yes;yes;no
34;yes;skin;yes;yes;yes
42;no;skin;yes;yes;yes
72;yes;skin;yes;no;yes
30;no;skin;yes;no;yes
38;yes;skin;yes;yes;yes
48;no;eye;yes;yes;yes
45;yes;skin;yes;yes;yes
47;yes;skin;yes;yes;yes
50;no;skin;no;no;no
45;yes;skin;yes;no;no
27;yes;skin;yes;yes;yes
63;no;skin;yes;yes;no
36;yes;skin;yes;yes;no
48;yes;skin;yes;yes;yes
26;yes;skin;no;yes;yes
64;yes;skin;no;yes;yes
51;yes;skin;no;no;yes
30;yes;skin;yes;yes;yes
45;no;skin;yes;yes;yes
57;no;skin;no;yes;no
49;yes;skin;yes;yes;no
51;no;skin;yes;yes;yes
44;no;skin;yes;yes;yes
45;yes;eye;yes;yes;yes
29;yes;skin;yes;yes;yes
82;no;skin;yes;yes;yes
51;yes;eye;yes;yes;yes
53;yes;skin;yes;yes;no
59;yes;no;yes;yes;no
43;yes;skin;yes;yes;yes
51;yes;skin;yes;yes;no
61;no;skin;no;no;yes
76;no;skin;yes;no;no
56;no;skin;no;yes;no
65;yes;skin;yes;yes;yes
43;yes;skin;no;yes;yes
41;yes;skin;no;yes;yes
76;no;skin;yes;yes;yes
62;no;skin;yes;yes;no
43;yes;no;yes;no;no
71;yes;skin;yes;yes;yes
48;no;skin;yes;yes;yes
34;no;skin;yes;yes;yes
54;yes;skin;yes;yes;no
42;no;skin;yes;yes;yes
68;yes;skin;yes;yes;yes
20;no;no;yes;yes;yes
19;yes;skin;yes;yes;yes
15;yes;skin;yes;no;yes
39;no;skin;no;yes;yes
57;no;skin;yes;yes;no
70;yes;skin;yes;yes;yes
76;yes;skin;yes;yes;yes
31;yes;skin;no;yes;yes
39;no;skin;yes;yes;yes
45;yes;skin;yes;yes;yes
58;no;eye;yes;yes;no
23;yes;no;yes;yes;yes
48;no;skin;yes;yes;no
73;no;skin;yes;no;yes
67;no;skin;yes;yes;yes
49;yes;skin;yes;yes;yes
46;no;no;yes;yes;yes
59;yes;skin;no;yes;yes
73;yes;skin;no;yes;no
52;yes;skin;yes;yes;yes
49;yes;skin;yes;no;yes
41;yes;skin;yes;yes;yes
28;yes;skin;yes;yes;yes
69;yes;eye;yes;yes;yes
46;yes;skin;yes;yes;yes
79;no;skin;yes;yes;yes
38;no;skin;no;yes;no
56;no;skin;yes;no;yes
70;yes;skin;no;no;yes
42;yes;skin;no;yes;no
42;no;skin;no;yes;yes
78;yes;skin;no;no;yes
45;no;skin;yes;no;yes
77;no;skin;yes;yes;yes
65;yes;eye;yes;yes;yes
49;no;skin;yes;yes;no
69;yes;skin;no;yes;yes
31;no;skin;yes;yes;yes
70;no;no;yes;yes;no
28;yes;skin;yes;yes;no
33;yes;skin;yes;yes;yes
66;no;eye;yes;yes;yes
43;yes;skin;yes;yes;yes
45;yes;skin;yes;yes;yes
43;yes;eye;no;no;yes
46;no;skin;yes;yes;no
39;no;skin;yes;no;no
71;yes;skin;yes;yes;yes
34;yes;skin;yes;yes;no
56;no;no;yes;yes;yes
57;no;skin;yes;yes;yes
59;yes;skin;yes;yes;yes
59;yes;skin;yes;yes;yes
48;no;skin;yes;yes;yes
71;yes;skin;yes;yes;no
51;yes;skin;yes;no;yes
57;yes;skin;yes;yes;yes
35;no;skin;yes;yes;yes
64;yes;skin;no;yes;yes
67;no;no;yes;yes;yes
71;no;skin;yes;no;yes
69;yes;skin;yes;yes;yes
41;no;skin;yes;yes;yes
28;yes;skin;yes;yes;no
75;yes;no;yes;yes;no
35;no;skin;yes;no;no
50;no;skin;yes;yes;no
72;yes;skin;yes;yes;yes
25;yes;skin;yes;yes;yes
54;yes;no;yes;yes;yes
45;yes;skin;yes;yes;yes
48;yes;skin;yes;yes;no
73;yes;skin;yes;yes;no
55;yes;skin;yes;yes;yes
48;yes;skin;yes;yes;yes
55;no;skin;yes;yes;yes
55;no;no;yes;yes;no
58;yes;skin;yes;yes;yes
